--------------------------------------------------------
--  File created - Wednesday-November-07-2018   
--------------------------------------------------------
--------------------------------------------------------
--  DDL for Table CATEGORY
--------------------------------------------------------

  CREATE TABLE "6106021420029"."CATEGORY" 
   (	"CAT_ID" NUMBER(5,0), 
	"CAT_NAME" VARCHAR2(100 BYTE), 
	"PRICE" NUMBER(11,0), 
	"HEIGHT" NUMBER(5,0), 
	"WIDTH" NUMBER(5,0), 
	"NUMBER_ROLL" NUMBER(5,0)
   ) SEGMENT CREATION IMMEDIATE 
  PCTFREE 10 PCTUSED 40 INITRANS 1 MAXTRANS 255 
 NOCOMPRESS LOGGING
  STORAGE(INITIAL 65536 NEXT 1048576 MINEXTENTS 1 MAXEXTENTS 2147483645
  PCTINCREASE 0 FREELISTS 1 FREELIST GROUPS 1
  BUFFER_POOL DEFAULT FLASH_CACHE DEFAULT CELL_FLASH_CACHE DEFAULT)
  TABLESPACE "INTRODB"   NO INMEMORY ;
--------------------------------------------------------
--  DDL for Table CUSTOMER
--------------------------------------------------------

  CREATE TABLE "6106021420029"."CUSTOMER" 
   (	"CUS_FNAME" VARCHAR2(100 BYTE), 
	"CUS_LNAME" VARCHAR2(100 BYTE), 
	"CUS_ADDRESS" VARCHAR2(500 BYTE), 
	"CUS_EMAIL" VARCHAR2(50 BYTE), 
	"CUS_PHONE" VARCHAR2(10 BYTE)
   ) SEGMENT CREATION IMMEDIATE 
  PCTFREE 10 PCTUSED 40 INITRANS 1 MAXTRANS 255 
 NOCOMPRESS LOGGING
  STORAGE(INITIAL 65536 NEXT 1048576 MINEXTENTS 1 MAXEXTENTS 2147483645
  PCTINCREASE 0 FREELISTS 1 FREELIST GROUPS 1
  BUFFER_POOL DEFAULT FLASH_CACHE DEFAULT CELL_FLASH_CACHE DEFAULT)
  TABLESPACE "INTRODB"   NO INMEMORY ;
--------------------------------------------------------
--  DDL for Table DEPARTMENTS
--------------------------------------------------------

  CREATE TABLE "6106021420029"."DEPARTMENTS" 
   (	"DEP_ID" VARCHAR2(5 BYTE), 
	"DEP_NAME" VARCHAR2(100 BYTE)
   ) SEGMENT CREATION IMMEDIATE 
  PCTFREE 10 PCTUSED 40 INITRANS 1 MAXTRANS 255 
 NOCOMPRESS LOGGING
  STORAGE(INITIAL 65536 NEXT 1048576 MINEXTENTS 1 MAXEXTENTS 2147483645
  PCTINCREASE 0 FREELISTS 1 FREELIST GROUPS 1
  BUFFER_POOL DEFAULT FLASH_CACHE DEFAULT CELL_FLASH_CACHE DEFAULT)
  TABLESPACE "INTRODB"   NO INMEMORY ;
--------------------------------------------------------
--  DDL for Table LABLE
--------------------------------------------------------

  CREATE TABLE "6106021420029"."LABLE" 
   (	"LABLE_ID" VARCHAR2(10 BYTE), 
	"STAFF_ID" VARCHAR2(10 BYTE), 
	"CUS_PHONE" VARCHAR2(10 BYTE), 
	"LABLE_HEIGHT" NUMBER(5,0), 
	"LABLE_WIDTH" NUMBER(5,0), 
	"CAT_ID" NUMBER(5,0), 
	"LABLE_NUMBER" NUMBER(7,0), 
	"DESCRIPTION" VARCHAR2(500 BYTE), 
	"TOTAL" NUMBER(11,0), 
	"ORDER_DAY" DATE, 
	"PICK_UP_DATE" DATE, 
	"IMG" VARCHAR2(200 BYTE), 
	"STATUS" VARCHAR2(50 BYTE)
   ) SEGMENT CREATION IMMEDIATE 
  PCTFREE 10 PCTUSED 40 INITRANS 1 MAXTRANS 255 
 NOCOMPRESS LOGGING
  STORAGE(INITIAL 65536 NEXT 1048576 MINEXTENTS 1 MAXEXTENTS 2147483645
  PCTINCREASE 0 FREELISTS 1 FREELIST GROUPS 1
  BUFFER_POOL DEFAULT FLASH_CACHE DEFAULT CELL_FLASH_CACHE DEFAULT)
  TABLESPACE "INTRODB"   NO INMEMORY ;
--------------------------------------------------------
--  DDL for Table STAFF
--------------------------------------------------------

  CREATE TABLE "6106021420029"."STAFF" 
   (	"STAFF_ID" VARCHAR2(10 BYTE), 
	"USERNAME" VARCHAR2(10 BYTE), 
	"PASSWORD" VARCHAR2(10 BYTE), 
	"FNAME" VARCHAR2(100 BYTE), 
	"LNAME" VARCHAR2(100 BYTE), 
	"PHONE" VARCHAR2(10 BYTE), 
	"EMAIL" VARCHAR2(50 BYTE), 
	"ADDRESS" VARCHAR2(500 BYTE), 
	"SALARY" NUMBER(7,0), 
	"DEP_ID" VARCHAR2(5 BYTE), 
	"IMG" VARCHAR2(200 BYTE)
   ) SEGMENT CREATION IMMEDIATE 
  PCTFREE 10 PCTUSED 40 INITRANS 1 MAXTRANS 255 
 NOCOMPRESS LOGGING
  STORAGE(INITIAL 65536 NEXT 1048576 MINEXTENTS 1 MAXEXTENTS 2147483645
  PCTINCREASE 0 FREELISTS 1 FREELIST GROUPS 1
  BUFFER_POOL DEFAULT FLASH_CACHE DEFAULT CELL_FLASH_CACHE DEFAULT)
  TABLESPACE "INTRODB"   NO INMEMORY ;
--------------------------------------------------------
--  DDL for View CAT
--------------------------------------------------------

  CREATE OR REPLACE FORCE EDITIONABLE VIEW "6106021420029"."CAT" ("CAT_NAME") AS 
  select cat_name from CATEGORY
;
--------------------------------------------------------
--  DDL for View CHECK_ST
--------------------------------------------------------

  CREATE OR REPLACE FORCE EDITIONABLE VIEW "6106021420029"."CHECK_ST" ("CAT_NAME", "WIDTH", "HEIGHT") AS 
  select cat_name,width,height from category where width=(select  min(width) from category)
;
--------------------------------------------------------
--  DDL for View CHECK_STMAX
--------------------------------------------------------

  CREATE OR REPLACE FORCE EDITIONABLE VIEW "6106021420029"."CHECK_STMAX" ("CAT_NAME", "WIDTH", "HEIGHT") AS 
  select cat_name,width,height from category where width=(select  max(width) from category)
;
--------------------------------------------------------
--  DDL for View GP
--------------------------------------------------------

  CREATE OR REPLACE FORCE EDITIONABLE VIEW "6106021420029"."GP" ("LABLE_ID", "STAFF_ID", "CUS_PHONE", "LABLE_HEIGHT", "LABLE_WIDTH", "CAT_ID", "LABLE_NUMBER", "DESCRIPTION", "TOTAL", "ORDER_DAY", "PICK_UP_DATE", "IMG", "STATUS") AS 
  select "LABLE_ID","STAFF_ID","CUS_PHONE","LABLE_HEIGHT","LABLE_WIDTH","CAT_ID","LABLE_NUMBER","DESCRIPTION","TOTAL","ORDER_DAY","PICK_UP_DATE","IMG","STATUS" from lable where status='กำลังออกแบบ'
;
--------------------------------------------------------
--  DDL for View PD
--------------------------------------------------------

  CREATE OR REPLACE FORCE EDITIONABLE VIEW "6106021420029"."PD" ("PRODUCT_NAME") AS 
  select product_name from product
;
--------------------------------------------------------
--  DDL for View PRODUCT_VIEW
--------------------------------------------------------

  CREATE OR REPLACE FORCE EDITIONABLE VIEW "6106021420029"."PRODUCT_VIEW" ("PRO_ID", "PRO_NAME", "PRO_PRICE", "EXPIRED_DATE", "PRO_NUMBER", "CAT_ID") AS 
  select "PRO_ID","PRO_NAME","PRO_PRICE","EXPIRED_DATE","PRO_NUMBER","CAT_ID" from product
;
REM INSERTING into "6106021420029".CATEGORY
SET DEFINE OFF;
Insert into "6106021420029".CATEGORY (CAT_ID,CAT_NAME,PRICE,HEIGHT,WIDTH,NUMBER_ROLL) values (1,'หลังขาว100x50cm',150,891,380,3);
Insert into "6106021420029".CATEGORY (CAT_ID,CAT_NAME,PRICE,HEIGHT,WIDTH,NUMBER_ROLL) values (2,'หลังขาว150x50cm',150,146,46,3);
Insert into "6106021420029".CATEGORY (CAT_ID,CAT_NAME,PRICE,HEIGHT,WIDTH,NUMBER_ROLL) values (3,'หลังขาว200x50cm',150,179,19,3);
Insert into "6106021420029".CATEGORY (CAT_ID,CAT_NAME,PRICE,HEIGHT,WIDTH,NUMBER_ROLL) values (4,'หลังขาว250x50cm',150,246,46,3);
Insert into "6106021420029".CATEGORY (CAT_ID,CAT_NAME,PRICE,HEIGHT,WIDTH,NUMBER_ROLL) values (5,'หลังขาว300x50cm',150,252,50,3);
Insert into "6106021420029".CATEGORY (CAT_ID,CAT_NAME,PRICE,HEIGHT,WIDTH,NUMBER_ROLL) values (6,'หลังดำ100x50cm',250,98,48,3);
Insert into "6106021420029".CATEGORY (CAT_ID,CAT_NAME,PRICE,HEIGHT,WIDTH,NUMBER_ROLL) values (7,'หลังดำ150x50cm',250,146,46,3);
Insert into "6106021420029".CATEGORY (CAT_ID,CAT_NAME,PRICE,HEIGHT,WIDTH,NUMBER_ROLL) values (8,'หลังดำ200x50cm',250,200,50,3);
Insert into "6106021420029".CATEGORY (CAT_ID,CAT_NAME,PRICE,HEIGHT,WIDTH,NUMBER_ROLL) values (9,'หลังดำ250x50cm',250,250,50,3);
Insert into "6106021420029".CATEGORY (CAT_ID,CAT_NAME,PRICE,HEIGHT,WIDTH,NUMBER_ROLL) values (10,'หลังดำ300x50cm',250,300,50,3);
REM INSERTING into "6106021420029".CUSTOMER
SET DEFINE OFF;
Insert into "6106021420029".CUSTOMER (CUS_FNAME,CUS_LNAME,CUS_ADDRESS,CUS_EMAIL,CUS_PHONE) values ('กิติ','คีรีวัน','830 ถ.เทศบาลพัฒนา ต.บ้านบึง อ.บ้านบึง จ.ชลบุรี 20170','kiti1125@gmail.com','0876612501');
Insert into "6106021420029".CUSTOMER (CUS_FNAME,CUS_LNAME,CUS_ADDRESS,CUS_EMAIL,CUS_PHONE) values ('กิติพล','กระจ่างแสง','82/12 ม.3 ต.บ้านบึง อ.บ้านบึง จ.ชลบุรี 20170','kitipon@gmail.com','0893658012');
Insert into "6106021420029".CUSTOMER (CUS_FNAME,CUS_LNAME,CUS_ADDRESS,CUS_EMAIL,CUS_PHONE) values ('ธันวา','รักษ์วิทย์','580 ม.5 ต.บ้านบึง อ.บ้านบึง จ.ชลบุรี 20170','tunwa123@gmail.com','0876988360');
Insert into "6106021420029".CUSTOMER (CUS_FNAME,CUS_LNAME,CUS_ADDRESS,CUS_EMAIL,CUS_PHONE) values ('กษมา','เจริญศรี','82/12 ม.3 ต.หนองชาก อ.บ้านบึง จ.ชลบุรี 20170','kasama123@hotmail.com','0976308540');
Insert into "6106021420029".CUSTOMER (CUS_FNAME,CUS_LNAME,CUS_ADDRESS,CUS_EMAIL,CUS_PHONE) values ('หยิดา','หมายดี','846 ต.บ้านบึง อ.บ้านบึง จ.ชลบุรี 20170','thai0548@gmail.com','0846988360');
Insert into "6106021420029".CUSTOMER (CUS_FNAME,CUS_LNAME,CUS_ADDRESS,CUS_EMAIL,CUS_PHONE) values ('วายุ','วีระรักษ์','1258 ต.หนองบอนแดง อ.บ้านบึง จ.ชลบุรี 20170','wayu2541@gmail.com','0983652018');
Insert into "6106021420029".CUSTOMER (CUS_FNAME,CUS_LNAME,CUS_ADDRESS,CUS_EMAIL,CUS_PHONE) values ('ปฐวี','ศรีละวัน','256 ม.3 ต.หนองบอนแดง อ.บ้านบึง จ.ชลบุรี 20170','patawee@gmail.com','0863336901');
Insert into "6106021420029".CUSTOMER (CUS_FNAME,CUS_LNAME,CUS_ADDRESS,CUS_EMAIL,CUS_PHONE) values ('กิตินันท์','ขาวสะอาด','2879 ม.12 ต.บ้านบึง อ.บ้านบึง จ.ชลบุรี 20170','kitinuu@gmail.com','0963114750');
Insert into "6106021420029".CUSTOMER (CUS_FNAME,CUS_LNAME,CUS_ADDRESS,CUS_EMAIL,CUS_PHONE) values ('วรวัตร','ทองดี','267 ม.3 ต.หนองชาก อ.บ้านบึง จ.ชลบุรี 20170','worawut@hotmail.com','0849650145');
Insert into "6106021420029".CUSTOMER (CUS_FNAME,CUS_LNAME,CUS_ADDRESS,CUS_EMAIL,CUS_PHONE) values ('พชร','พงษ์งาม','849 ม.2 ต.หนองเขิน อ.บ้านบึง จ.ชลบุรี 20170','puschara@gmail.com','0985669821');
Insert into "6106021420029".CUSTOMER (CUS_FNAME,CUS_LNAME,CUS_ADDRESS,CUS_EMAIL,CUS_PHONE) values ('ภานุพงษ์','ทองแท้','250 ต.หนองบอนแดง อ.บ้านบึง จ.ชลบุรี 20170','panupong123@gmail.com','0863302291');
Insert into "6106021420029".CUSTOMER (CUS_FNAME,CUS_LNAME,CUS_ADDRESS,CUS_EMAIL,CUS_PHONE) values ('ปิติพล','อักษรศิลป์','987 ม.3 ต.หนองอิรุณ อ.บ้านบึง จ.ชลบุรี 20170','pitipol@gmail.com','0853105569');
Insert into "6106021420029".CUSTOMER (CUS_FNAME,CUS_LNAME,CUS_ADDRESS,CUS_EMAIL,CUS_PHONE) values ('ปิติ','สถิตปัญญา','1246 ม.5 ต.หนองอิรุณ อ.บ้านบึง จ.ชลบุรี 20170','piti@gmail.com','0833100698');
Insert into "6106021420029".CUSTOMER (CUS_FNAME,CUS_LNAME,CUS_ADDRESS,CUS_EMAIL,CUS_PHONE) values ('นันทิกา','สะอาดยิ่ง','2576 ม.9 ต.หนองชาก อ.บ้านบึง จ.ชลบุรี 20170','nunthika@hotmail.com','0866300289');
Insert into "6106021420029".CUSTOMER (CUS_FNAME,CUS_LNAME,CUS_ADDRESS,CUS_EMAIL,CUS_PHONE) values ('งามเนตร','แก่นแท้','125 ต.บ้านบึง อ.บ้านบึง จ.ชลบุรี 20170','kathaa12302@gmail.com','0843317762');
Insert into "6106021420029".CUSTOMER (CUS_FNAME,CUS_LNAME,CUS_ADDRESS,CUS_EMAIL,CUS_PHONE) values ('มานิตา','ยามขาว','201 ต.หนองบอนแดง อ.บ้านบึง จ.ชลบุรี 20170','manita1998@gmail.com','0843205006');
Insert into "6106021420029".CUSTOMER (CUS_FNAME,CUS_LNAME,CUS_ADDRESS,CUS_EMAIL,CUS_PHONE) values ('ตะวัน','อินทราจันทร์','85/30 ม.3 ต.หนองบอนแดง อ.บ้านบึง จ.ชลบุรี 20170','tawun@gmail.com','0864412039');
Insert into "6106021420029".CUSTOMER (CUS_FNAME,CUS_LNAME,CUS_ADDRESS,CUS_EMAIL,CUS_PHONE) values ('จิระโชติ','รุ้งบ้าน','30/41 ต.บ้านบึง อ.บ้านบึง จ.ชลบุรี 20170','jira2550@gmail.com','0963699701');
Insert into "6106021420029".CUSTOMER (CUS_FNAME,CUS_LNAME,CUS_ADDRESS,CUS_EMAIL,CUS_PHONE) values ('วัชรกร','ทรัพย์ดี','267 ม.3 ต.หนองชาก อ.บ้านบึง จ.ชลบุรี 20170','wuscharakorn@hotmail.com','0899774302');
Insert into "6106021420029".CUSTOMER (CUS_FNAME,CUS_LNAME,CUS_ADDRESS,CUS_EMAIL,CUS_PHONE) values ('ประวิตร','ปัญญเลิศ','849 ม.2 ต.หนองอิรุณ อ.บ้านบึง จ.ชลบุรี 20170','pawee1255@gmail.com','0846693047');
Insert into "6106021420029".CUSTOMER (CUS_FNAME,CUS_LNAME,CUS_ADDRESS,CUS_EMAIL,CUS_PHONE) values ('ณัชนนท์','มีดี','220 ต.หนองบอนแดง อ.บ้านบึง จ.ชลบุรี 20170','nut1153@gmail.com','0876654123');
Insert into "6106021420029".CUSTOMER (CUS_FNAME,CUS_LNAME,CUS_ADDRESS,CUS_EMAIL,CUS_PHONE) values ('กิติพัชร','อักษรศิลป์','987 ม.3 ต.หนองอิรุณ อ.บ้านบึง จ.ชลบุรี 20170','pitipol@gmail.com','0896631191');
Insert into "6106021420029".CUSTOMER (CUS_FNAME,CUS_LNAME,CUS_ADDRESS,CUS_EMAIL,CUS_PHONE) values ('พัชรพล','อยู่นาน','1246 ม.5 ต.หนองอิรุณ อ.บ้านบึง จ.ชลบุรี 20170','piti@gmail.com','0876630014');
Insert into "6106021420029".CUSTOMER (CUS_FNAME,CUS_LNAME,CUS_ADDRESS,CUS_EMAIL,CUS_PHONE) values ('จักรกฤต','อยู่นาน','2576 ม.9 ต.หนองชาก อ.บ้านบึง จ.ชลบุรี 20170','nunthika@hotmail.com','0876630013');
Insert into "6106021420029".CUSTOMER (CUS_FNAME,CUS_LNAME,CUS_ADDRESS,CUS_EMAIL,CUS_PHONE) values ('วชิดา','แก่นศรีใจ','125 ต.บ้านบึง อ.บ้านบึง จ.ชลบุรี 20170','kathaa12302@gmail.com','0876630012');
Insert into "6106021420029".CUSTOMER (CUS_FNAME,CUS_LNAME,CUS_ADDRESS,CUS_EMAIL,CUS_PHONE) values ('กันตินัน','บุญนาค','201 ต.หนองบอนแดง อ.บ้านบึง จ.ชลบุรี 20170','manita1998@gmail.com','0876630011');
Insert into "6106021420029".CUSTOMER (CUS_FNAME,CUS_LNAME,CUS_ADDRESS,CUS_EMAIL,CUS_PHONE) values ('อรชุน','บุญมี','85/30 ม.3 ต.หนองบอนแดง อ.บ้านบึง จ.ชลบุรี 20170','tawun@gmail.com','0876630010');
Insert into "6106021420029".CUSTOMER (CUS_FNAME,CUS_LNAME,CUS_ADDRESS,CUS_EMAIL,CUS_PHONE) values ('ดอกดิน','ชลวานิช','30/41 ต.บ้านบึง อ.บ้านบึง จ.ชลบุรี 20170','jira2550@gmail.com','0875830009');
Insert into "6106021420029".CUSTOMER (CUS_FNAME,CUS_LNAME,CUS_ADDRESS,CUS_EMAIL,CUS_PHONE) values ('ปฎิพล','เจริญยิ่ง','267 ม.3 ต.หนองชาก อ.บ้านบึง จ.ชลบุรี 20170','wuscharakorn@hotmail.com','0863301875');
Insert into "6106021420029".CUSTOMER (CUS_FNAME,CUS_LNAME,CUS_ADDRESS,CUS_EMAIL,CUS_PHONE) values ('เอกพล','มีศิลป์','849 ม.2 ต.หนองอิรุณ อ.บ้านบึง จ.ชลบุรี 20170','pawee1255@gmail.com','0843112801');
Insert into "6106021420029".CUSTOMER (CUS_FNAME,CUS_LNAME,CUS_ADDRESS,CUS_EMAIL,CUS_PHONE) values ('สุนันนุช','มีแสง','220 ต.หนองบอนแดง อ.บ้านบึง จ.ชลบุรี 20170','nut1153@gmail.com','0932142207');
REM INSERTING into "6106021420029".DEPARTMENTS
SET DEFINE OFF;
Insert into "6106021420029".DEPARTMENTS (DEP_ID,DEP_NAME) values ('SV','service');
Insert into "6106021420029".DEPARTMENTS (DEP_ID,DEP_NAME) values ('GP','graphic');
Insert into "6106021420029".DEPARTMENTS (DEP_ID,DEP_NAME) values ('PS','print_staff');
Insert into "6106021420029".DEPARTMENTS (DEP_ID,DEP_NAME) values ('HR','human_resources');
Insert into "6106021420029".DEPARTMENTS (DEP_ID,DEP_NAME) values ('AC','accountant');
Insert into "6106021420029".DEPARTMENTS (DEP_ID,DEP_NAME) values ('MG','manager');
REM INSERTING into "6106021420029".LABLE
SET DEFINE OFF;
Insert into "6106021420029".LABLE (LABLE_ID,STAFF_ID,CUS_PHONE,LABLE_HEIGHT,LABLE_WIDTH,CAT_ID,LABLE_NUMBER,DESCRIPTION,TOTAL,ORDER_DAY,PICK_UP_DATE,IMG,STATUS) values ('18110761','20181124','0876612501',8,8,1,2,'งานแต่งงาน',32000,to_date('07-NOV-18','DD-MON-RR'),to_date('11-NOV-18','DD-MON-RR'),'38985122_1848380708583948_4573960906894999552_n (1).jpg','เสร็จสิ้น');
Insert into "6106021420029".LABLE (LABLE_ID,STAFF_ID,CUS_PHONE,LABLE_HEIGHT,LABLE_WIDTH,CAT_ID,LABLE_NUMBER,DESCRIPTION,TOTAL,ORDER_DAY,PICK_UP_DATE,IMG,STATUS) values ('1811061','20181121','0893658012',2,2,1,1,'งานบวช ขอรูปวัดใหญ่ๆ',1000,to_date('06-NOV-18','DD-MON-RR'),to_date('10-NOV-18','DD-MON-RR'),'1.jpg','รับงาน');
Insert into "6106021420029".LABLE (LABLE_ID,STAFF_ID,CUS_PHONE,LABLE_HEIGHT,LABLE_WIDTH,CAT_ID,LABLE_NUMBER,DESCRIPTION,TOTAL,ORDER_DAY,PICK_UP_DATE,IMG,STATUS) values ('1811069','20181121','0985669821',4,4,1,2,'งานล้างป่าช้า',4800,to_date('06-NOV-18','DD-MON-RR'),to_date('10-NOV-18','DD-MON-RR'),'2.jpg','รับงาน');
Insert into "6106021420029".LABLE (LABLE_ID,STAFF_ID,CUS_PHONE,LABLE_HEIGHT,LABLE_WIDTH,CAT_ID,LABLE_NUMBER,DESCRIPTION,TOTAL,ORDER_DAY,PICK_UP_DATE,IMG,STATUS) values ('18110611','20181121','0853105569',2,2,1,1,'งานเลี้ยงงานคล้ายวันเกิด ขอรูปใหญ่ๆ',600,to_date('06-NOV-18','DD-MON-RR'),to_date('10-NOV-18','DD-MON-RR'),'3.jpg','รับงาน');
Insert into "6106021420029".LABLE (LABLE_ID,STAFF_ID,CUS_PHONE,LABLE_HEIGHT,LABLE_WIDTH,CAT_ID,LABLE_NUMBER,DESCRIPTION,TOTAL,ORDER_DAY,PICK_UP_DATE,IMG,STATUS) values ('1811070','20181121','0863302291',1,2,1,1,'งานเลี้ยงปีใหม่',500,to_date('06-NOV-18','DD-MON-RR'),to_date('10-NOV-18','DD-MON-RR'),'4.jpg','รับงาน');
Insert into "6106021420029".LABLE (LABLE_ID,STAFF_ID,CUS_PHONE,LABLE_HEIGHT,LABLE_WIDTH,CAT_ID,LABLE_NUMBER,DESCRIPTION,TOTAL,ORDER_DAY,PICK_UP_DATE,IMG,STATUS) values ('18110612','20181121','0833100698',4,4,1,2,'งานเข้าพรรษา',4800,to_date('06-NOV-18','DD-MON-RR'),to_date('10-NOV-18','DD-MON-RR'),'5.jpg','รับงาน');
Insert into "6106021420029".LABLE (LABLE_ID,STAFF_ID,CUS_PHONE,LABLE_HEIGHT,LABLE_WIDTH,CAT_ID,LABLE_NUMBER,DESCRIPTION,TOTAL,ORDER_DAY,PICK_UP_DATE,IMG,STATUS) values ('18110613','20181121','0866300289',2,2,1,1,'งานลอยกระทง',1000,to_date('06-NOV-18','DD-MON-RR'),to_date('10-NOV-18','DD-MON-RR'),'6.jpg','รับงาน');
Insert into "6106021420029".LABLE (LABLE_ID,STAFF_ID,CUS_PHONE,LABLE_HEIGHT,LABLE_WIDTH,CAT_ID,LABLE_NUMBER,DESCRIPTION,TOTAL,ORDER_DAY,PICK_UP_DATE,IMG,STATUS) values ('18110614','20181121','0843317762',4,4,1,2,'งานช่วยเหลือชุมชน ',8000,to_date('06-NOV-18','DD-MON-RR'),to_date('10-NOV-18','DD-MON-RR'),'7.jpg','รับงาน');
Insert into "6106021420029".LABLE (LABLE_ID,STAFF_ID,CUS_PHONE,LABLE_HEIGHT,LABLE_WIDTH,CAT_ID,LABLE_NUMBER,DESCRIPTION,TOTAL,ORDER_DAY,PICK_UP_DATE,IMG,STATUS) values ('18110616','20181121','0864412039',2,2,1,1,'วันไหว้พระจันทร์ ขอพระจันทร์สวยๆ สว่างๆ',1000,to_date('06-NOV-18','DD-MON-RR'),to_date('10-NOV-18','DD-MON-RR'),'8.jpg','รับงาน');
Insert into "6106021420029".LABLE (LABLE_ID,STAFF_ID,CUS_PHONE,LABLE_HEIGHT,LABLE_WIDTH,CAT_ID,LABLE_NUMBER,DESCRIPTION,TOTAL,ORDER_DAY,PICK_UP_DATE,IMG,STATUS) values ('18110617','20181121','0963699701',4,4,1,2,'ร้านนี้เปิดให้เช่า',4800,to_date('06-NOV-18','DD-MON-RR'),to_date('10-NOV-18','DD-MON-RR'),'9.jpg','รับงาน');
Insert into "6106021420029".LABLE (LABLE_ID,STAFF_ID,CUS_PHONE,LABLE_HEIGHT,LABLE_WIDTH,CAT_ID,LABLE_NUMBER,DESCRIPTION,TOTAL,ORDER_DAY,PICK_UP_DATE,IMG,STATUS) values ('18110618','20181121','0899774302',2,2,1,1,'ขายบ้านด่วน!!! ตัวหนังสือสีแดง เด่นๆ',1000,to_date('06-NOV-18','DD-MON-RR'),to_date('10-NOV-18','DD-MON-RR'),'10.jpg','รับงาน');
Insert into "6106021420029".LABLE (LABLE_ID,STAFF_ID,CUS_PHONE,LABLE_HEIGHT,LABLE_WIDTH,CAT_ID,LABLE_NUMBER,DESCRIPTION,TOTAL,ORDER_DAY,PICK_UP_DATE,IMG,STATUS) values ('18110619','20181121','0846693047',2,3,1,1,'งานกองทัพบก ข้อความเน้นๆว่า ทำเพื่อประชาชน',900,to_date('06-NOV-18','DD-MON-RR'),to_date('10-NOV-18','DD-MON-RR'),'11.jpg','รับงาน');
Insert into "6106021420029".LABLE (LABLE_ID,STAFF_ID,CUS_PHONE,LABLE_HEIGHT,LABLE_WIDTH,CAT_ID,LABLE_NUMBER,DESCRIPTION,TOTAL,ORDER_DAY,PICK_UP_DATE,IMG,STATUS) values ('18110620','20181123','0876654123',2,2,1,1,'งานรับปริญญา ข้อความเด่นๆ ยินดีด้วยนะ',600,to_date('06-NOV-18','DD-MON-RR'),to_date('10-NOV-18','DD-MON-RR'),'12.jpg','กำลังออกแบบ');
Insert into "6106021420029".LABLE (LABLE_ID,STAFF_ID,CUS_PHONE,LABLE_HEIGHT,LABLE_WIDTH,CAT_ID,LABLE_NUMBER,DESCRIPTION,TOTAL,ORDER_DAY,PICK_UP_DATE,IMG,STATUS) values ('18110621','20181121','0896631191',20,20,1,10,'ห้ามทิ้งขยะใกล้เขตโรงเรียน',1000000,to_date('06-NOV-18','DD-MON-RR'),to_date('10-NOV-18','DD-MON-RR'),'13.jpg','รับงาน');
Insert into "6106021420029".LABLE (LABLE_ID,STAFF_ID,CUS_PHONE,LABLE_HEIGHT,LABLE_WIDTH,CAT_ID,LABLE_NUMBER,DESCRIPTION,TOTAL,ORDER_DAY,PICK_UP_DATE,IMG,STATUS) values ('18110622','20181121','0876630014',2,2,1,1,'งานเลี้ยงปีใหม่ เน้นรูปเยอะๆ',600,to_date('06-NOV-18','DD-MON-RR'),to_date('10-NOV-18','DD-MON-RR'),'14.jpg','รับงาน');
Insert into "6106021420029".LABLE (LABLE_ID,STAFF_ID,CUS_PHONE,LABLE_HEIGHT,LABLE_WIDTH,CAT_ID,LABLE_NUMBER,DESCRIPTION,TOTAL,ORDER_DAY,PICK_UP_DATE,IMG,STATUS) values ('18110623','20181123','0876630013',2,2,1,1,'งานเลี้ยงรุ่น',1000,to_date('06-NOV-18','DD-MON-RR'),to_date('10-NOV-18','DD-MON-RR'),'15.jpg','กำลังออกแบบ');
Insert into "6106021420029".LABLE (LABLE_ID,STAFF_ID,CUS_PHONE,LABLE_HEIGHT,LABLE_WIDTH,CAT_ID,LABLE_NUMBER,DESCRIPTION,TOTAL,ORDER_DAY,PICK_UP_DATE,IMG,STATUS) values ('18110624','20181121','0876630012',20,20,1,10,'งานปลูกต้นไม้เพื่อป่า',1000000,to_date('06-NOV-18','DD-MON-RR'),to_date('10-NOV-18','DD-MON-RR'),'16.jpg','รับงาน');
Insert into "6106021420029".LABLE (LABLE_ID,STAFF_ID,CUS_PHONE,LABLE_HEIGHT,LABLE_WIDTH,CAT_ID,LABLE_NUMBER,DESCRIPTION,TOTAL,ORDER_DAY,PICK_UP_DATE,IMG,STATUS) values ('18110625','20181121','0876630011',4,4,1,2,'งานเลี้ยงส่งนายอำเภอ สมถุย ลุยสวน',8000,to_date('06-NOV-18','DD-MON-RR'),to_date('10-NOV-18','DD-MON-RR'),'17.jpg','รับงาน');
Insert into "6106021420029".LABLE (LABLE_ID,STAFF_ID,CUS_PHONE,LABLE_HEIGHT,LABLE_WIDTH,CAT_ID,LABLE_NUMBER,DESCRIPTION,TOTAL,ORDER_DAY,PICK_UP_DATE,IMG,STATUS) values ('18110626','20181122','0876630010',2,2,1,1,'งานเลี้ยงขึ้นบ้านใหม่',1000,to_date('06-NOV-18','DD-MON-RR'),to_date('10-NOV-18','DD-MON-RR'),'RuktumBoon-1-188.jpg','ปริ้น');
Insert into "6106021420029".LABLE (LABLE_ID,STAFF_ID,CUS_PHONE,LABLE_HEIGHT,LABLE_WIDTH,CAT_ID,LABLE_NUMBER,DESCRIPTION,TOTAL,ORDER_DAY,PICK_UP_DATE,IMG,STATUS) values ('18110627','20181121','0875830009',2,2,1,1,'งานเลี้ยงครบรอบ 100 ปี อาม่า',1000,to_date('06-NOV-18','DD-MON-RR'),to_date('10-NOV-18','DD-MON-RR'),'19.jpg','รับงาน');
Insert into "6106021420029".LABLE (LABLE_ID,STAFF_ID,CUS_PHONE,LABLE_HEIGHT,LABLE_WIDTH,CAT_ID,LABLE_NUMBER,DESCRIPTION,TOTAL,ORDER_DAY,PICK_UP_DATE,IMG,STATUS) values ('18110628','20181123','0863301875',2,2,6,1,'งานแจกทานโรงเจ',1000,to_date('06-NOV-18','DD-MON-RR'),to_date('10-NOV-18','DD-MON-RR'),'37546695_2050642718341629_4802844344073584640_n.jpg','ปริ้น');
Insert into "6106021420029".LABLE (LABLE_ID,STAFF_ID,CUS_PHONE,LABLE_HEIGHT,LABLE_WIDTH,CAT_ID,LABLE_NUMBER,DESCRIPTION,TOTAL,ORDER_DAY,PICK_UP_DATE,IMG,STATUS) values ('18110629','20181121','0843112801',3,6,1,3,'รับซ่อม รถ จักรยานยนต์ ปะยาง ล้างคาบู ',13500,to_date('06-NOV-18','DD-MON-RR'),to_date('10-NOV-18','DD-MON-RR'),'21.jpg','รับงาน');
Insert into "6106021420029".LABLE (LABLE_ID,STAFF_ID,CUS_PHONE,LABLE_HEIGHT,LABLE_WIDTH,CAT_ID,LABLE_NUMBER,DESCRIPTION,TOTAL,ORDER_DAY,PICK_UP_DATE,IMG,STATUS) values ('18110630','20181121','0932142207',2,2,1,1,'สู้ๆนะ น้องจอย สิ่งประดิษฐ์คนรุ่นใหม่ 2561',1000,to_date('06-NOV-18','DD-MON-RR'),to_date('10-NOV-18','DD-MON-RR'),'22.jpg','รับงาน');
Insert into "6106021420029".LABLE (LABLE_ID,STAFF_ID,CUS_PHONE,LABLE_HEIGHT,LABLE_WIDTH,CAT_ID,LABLE_NUMBER,DESCRIPTION,TOTAL,ORDER_DAY,PICK_UP_DATE,IMG,STATUS) values ('1811071','20181123','0893658012',2,2,1,1,'งานบวช ขอรูปวัดใหญ่ๆ',1000,to_date('06-NOV-18','DD-MON-RR'),to_date('10-NOV-18','DD-MON-RR'),'31.jpg','กำลังออกแบบ');
Insert into "6106021420029".LABLE (LABLE_ID,STAFF_ID,CUS_PHONE,LABLE_HEIGHT,LABLE_WIDTH,CAT_ID,LABLE_NUMBER,DESCRIPTION,TOTAL,ORDER_DAY,PICK_UP_DATE,IMG,STATUS) values ('1811072','20181121','0985669821',4,4,1,2,'งานล้างป่าช้า',4800,to_date('06-NOV-18','DD-MON-RR'),to_date('10-NOV-18','DD-MON-RR'),'32.jpg','รับงาน');
Insert into "6106021420029".LABLE (LABLE_ID,STAFF_ID,CUS_PHONE,LABLE_HEIGHT,LABLE_WIDTH,CAT_ID,LABLE_NUMBER,DESCRIPTION,TOTAL,ORDER_DAY,PICK_UP_DATE,IMG,STATUS) values ('1811073','20181121','0853105569',2,2,1,1,'งานเลี้ยงงานคล้ายวันเกิด ขอรูปใหญ่ๆ',600,to_date('06-NOV-18','DD-MON-RR'),to_date('10-NOV-18','DD-MON-RR'),'33.jpg','รับงาน');
Insert into "6106021420029".LABLE (LABLE_ID,STAFF_ID,CUS_PHONE,LABLE_HEIGHT,LABLE_WIDTH,CAT_ID,LABLE_NUMBER,DESCRIPTION,TOTAL,ORDER_DAY,PICK_UP_DATE,IMG,STATUS) values ('1811074','20181121','0863302291',1,2,1,1,'งานเลี้ยงปีใหม่',500,to_date('06-NOV-18','DD-MON-RR'),to_date('10-NOV-18','DD-MON-RR'),'34.jpg','รับงาน');
Insert into "6106021420029".LABLE (LABLE_ID,STAFF_ID,CUS_PHONE,LABLE_HEIGHT,LABLE_WIDTH,CAT_ID,LABLE_NUMBER,DESCRIPTION,TOTAL,ORDER_DAY,PICK_UP_DATE,IMG,STATUS) values ('1811075','20181121','0833100698',4,4,1,2,'งานเข้าพรรษา',4800,to_date('06-NOV-18','DD-MON-RR'),to_date('10-NOV-18','DD-MON-RR'),'35.jpg','รับงาน');
Insert into "6106021420029".LABLE (LABLE_ID,STAFF_ID,CUS_PHONE,LABLE_HEIGHT,LABLE_WIDTH,CAT_ID,LABLE_NUMBER,DESCRIPTION,TOTAL,ORDER_DAY,PICK_UP_DATE,IMG,STATUS) values ('1811076','20181121','0866300289',2,2,1,1,'งานลอยกระทง',1000,to_date('06-NOV-18','DD-MON-RR'),to_date('10-NOV-18','DD-MON-RR'),'36.jpg','รับงาน');
Insert into "6106021420029".LABLE (LABLE_ID,STAFF_ID,CUS_PHONE,LABLE_HEIGHT,LABLE_WIDTH,CAT_ID,LABLE_NUMBER,DESCRIPTION,TOTAL,ORDER_DAY,PICK_UP_DATE,IMG,STATUS) values ('1811077','20181121','0843317762',4,4,1,2,'งานช่วยเหลือชุมชน ',8000,to_date('06-NOV-18','DD-MON-RR'),to_date('10-NOV-18','DD-MON-RR'),'37.jpg','รับงาน');
Insert into "6106021420029".LABLE (LABLE_ID,STAFF_ID,CUS_PHONE,LABLE_HEIGHT,LABLE_WIDTH,CAT_ID,LABLE_NUMBER,DESCRIPTION,TOTAL,ORDER_DAY,PICK_UP_DATE,IMG,STATUS) values ('1811078','20181121','0864412039',2,2,1,1,'วันไหว้พระจันทร์ ขอพระจันทร์สวยๆ สว่างๆ',1000,to_date('06-NOV-18','DD-MON-RR'),to_date('10-NOV-18','DD-MON-RR'),'38.jpg','รับงาน');
Insert into "6106021420029".LABLE (LABLE_ID,STAFF_ID,CUS_PHONE,LABLE_HEIGHT,LABLE_WIDTH,CAT_ID,LABLE_NUMBER,DESCRIPTION,TOTAL,ORDER_DAY,PICK_UP_DATE,IMG,STATUS) values ('1811079','20181121','0963699701',4,4,1,2,'ร้านนี้เปิดให้เช่า',4800,to_date('06-NOV-18','DD-MON-RR'),to_date('10-NOV-18','DD-MON-RR'),'39.jpg','รับงาน');
Insert into "6106021420029".LABLE (LABLE_ID,STAFF_ID,CUS_PHONE,LABLE_HEIGHT,LABLE_WIDTH,CAT_ID,LABLE_NUMBER,DESCRIPTION,TOTAL,ORDER_DAY,PICK_UP_DATE,IMG,STATUS) values ('1811080','20181123','0899774302',2,2,1,1,'ขายบ้านด่วน!!! ตัวหนังสือสีแดง เด่นๆ',1000,to_date('06-NOV-18','DD-MON-RR'),to_date('10-NOV-18','DD-MON-RR'),'37296682_1837878806290293_8307039218064949248_n.jpg','ปริ้น');
Insert into "6106021420029".LABLE (LABLE_ID,STAFF_ID,CUS_PHONE,LABLE_HEIGHT,LABLE_WIDTH,CAT_ID,LABLE_NUMBER,DESCRIPTION,TOTAL,ORDER_DAY,PICK_UP_DATE,IMG,STATUS) values ('1811081','20181121','0846693047',2,3,1,1,'งานกองทัพบก ข้อความเน้นๆว่า ทำเพื่อประชาชน',900,to_date('06-NOV-18','DD-MON-RR'),to_date('10-NOV-18','DD-MON-RR'),'41.jpg','รับงาน');
Insert into "6106021420029".LABLE (LABLE_ID,STAFF_ID,CUS_PHONE,LABLE_HEIGHT,LABLE_WIDTH,CAT_ID,LABLE_NUMBER,DESCRIPTION,TOTAL,ORDER_DAY,PICK_UP_DATE,IMG,STATUS) values ('1811082','20181121','0876654123',2,2,1,1,'งานรับปริญญา ข้อความเด่นๆ ยินดีด้วยนะ',600,to_date('06-NOV-18','DD-MON-RR'),to_date('10-NOV-18','DD-MON-RR'),'42.jpg','รับงาน');
Insert into "6106021420029".LABLE (LABLE_ID,STAFF_ID,CUS_PHONE,LABLE_HEIGHT,LABLE_WIDTH,CAT_ID,LABLE_NUMBER,DESCRIPTION,TOTAL,ORDER_DAY,PICK_UP_DATE,IMG,STATUS) values ('1811083','20181121','0896631191',20,20,1,10,'ห้ามทิ้งขยะใกล้เขตโรงเรียน',1000000,to_date('06-NOV-18','DD-MON-RR'),to_date('10-NOV-18','DD-MON-RR'),'43.jpg','รับงาน');
Insert into "6106021420029".LABLE (LABLE_ID,STAFF_ID,CUS_PHONE,LABLE_HEIGHT,LABLE_WIDTH,CAT_ID,LABLE_NUMBER,DESCRIPTION,TOTAL,ORDER_DAY,PICK_UP_DATE,IMG,STATUS) values ('1811084','20181121','0876630014',2,2,1,1,'งานเลี้ยงปีใหม่ เน้นรูปเยอะๆ',600,to_date('06-NOV-18','DD-MON-RR'),to_date('10-NOV-18','DD-MON-RR'),'44.jpg','รับงาน');
Insert into "6106021420029".LABLE (LABLE_ID,STAFF_ID,CUS_PHONE,LABLE_HEIGHT,LABLE_WIDTH,CAT_ID,LABLE_NUMBER,DESCRIPTION,TOTAL,ORDER_DAY,PICK_UP_DATE,IMG,STATUS) values ('1811085','20181122','0876630013',2,2,1,1,'งานเลี้ยงรุ่น',1000,to_date('06-NOV-18','DD-MON-RR'),to_date('10-NOV-18','DD-MON-RR'),'chanthaburi.jpg','ปริ้น');
Insert into "6106021420029".LABLE (LABLE_ID,STAFF_ID,CUS_PHONE,LABLE_HEIGHT,LABLE_WIDTH,CAT_ID,LABLE_NUMBER,DESCRIPTION,TOTAL,ORDER_DAY,PICK_UP_DATE,IMG,STATUS) values ('1811086','20181121','0876630012',20,20,1,10,'งานปลูกต้นไม้เพื่อป่า',1000000,to_date('06-NOV-18','DD-MON-RR'),to_date('10-NOV-18','DD-MON-RR'),'46.jpg','รับงาน');
Insert into "6106021420029".LABLE (LABLE_ID,STAFF_ID,CUS_PHONE,LABLE_HEIGHT,LABLE_WIDTH,CAT_ID,LABLE_NUMBER,DESCRIPTION,TOTAL,ORDER_DAY,PICK_UP_DATE,IMG,STATUS) values ('1811087','20181124','0876630011',4,4,1,2,'งานเลี้ยงส่งนายอำเภอ สมถุย ลุยสวน',8000,to_date('06-NOV-18','DD-MON-RR'),to_date('10-NOV-18','DD-MON-RR'),'37251576_1888918047840437_1942203401165078528_n.jpg','กำลังปริ้น');
Insert into "6106021420029".LABLE (LABLE_ID,STAFF_ID,CUS_PHONE,LABLE_HEIGHT,LABLE_WIDTH,CAT_ID,LABLE_NUMBER,DESCRIPTION,TOTAL,ORDER_DAY,PICK_UP_DATE,IMG,STATUS) values ('1811088','20181121','0876630010',2,2,1,1,'งานเลี้ยงขึ้นบ้านใหม่',1000,to_date('06-NOV-18','DD-MON-RR'),to_date('10-NOV-18','DD-MON-RR'),'48.jpg','รับงาน');
Insert into "6106021420029".LABLE (LABLE_ID,STAFF_ID,CUS_PHONE,LABLE_HEIGHT,LABLE_WIDTH,CAT_ID,LABLE_NUMBER,DESCRIPTION,TOTAL,ORDER_DAY,PICK_UP_DATE,IMG,STATUS) values ('1811089','20181121','0875830009',2,2,1,1,'งานเลี้ยงครบรอบ 100 ปี อาม่า',1000,to_date('06-NOV-18','DD-MON-RR'),to_date('10-NOV-18','DD-MON-RR'),'49.jpg','รับงาน');
Insert into "6106021420029".LABLE (LABLE_ID,STAFF_ID,CUS_PHONE,LABLE_HEIGHT,LABLE_WIDTH,CAT_ID,LABLE_NUMBER,DESCRIPTION,TOTAL,ORDER_DAY,PICK_UP_DATE,IMG,STATUS) values ('1811090','20181121','0863301875',2,2,6,1,'งานแจกทานโรงเจ',1000,to_date('06-NOV-18','DD-MON-RR'),to_date('10-NOV-18','DD-MON-RR'),'50.jpg','รับงาน');
Insert into "6106021420029".LABLE (LABLE_ID,STAFF_ID,CUS_PHONE,LABLE_HEIGHT,LABLE_WIDTH,CAT_ID,LABLE_NUMBER,DESCRIPTION,TOTAL,ORDER_DAY,PICK_UP_DATE,IMG,STATUS) values ('1811091','20181122','0843112801',3,6,1,3,'รับซ่อม รถ จักรยานยนต์ ปะยาง ล้างคาบู ',13500,to_date('06-NOV-18','DD-MON-RR'),to_date('10-NOV-18','DD-MON-RR'),'205.jpg','ปริ้น');
Insert into "6106021420029".LABLE (LABLE_ID,STAFF_ID,CUS_PHONE,LABLE_HEIGHT,LABLE_WIDTH,CAT_ID,LABLE_NUMBER,DESCRIPTION,TOTAL,ORDER_DAY,PICK_UP_DATE,IMG,STATUS) values ('1811092','20181122','0932142207',2,2,1,1,'สู้ๆนะ น้องจอย สิ่งประดิษฐ์คนรุ่นใหม่ 2561',1000,to_date('06-NOV-18','DD-MON-RR'),to_date('10-NOV-18','DD-MON-RR'),'204.jpg','ปริ้น');
Insert into "6106021420029".LABLE (LABLE_ID,STAFF_ID,CUS_PHONE,LABLE_HEIGHT,LABLE_WIDTH,CAT_ID,LABLE_NUMBER,DESCRIPTION,TOTAL,ORDER_DAY,PICK_UP_DATE,IMG,STATUS) values ('1811093','20181121','0976308540',2,2,1,1,'งานทำบุญเด็กกำพร้า',1000,to_date('06-NOV-18','DD-MON-RR'),to_date('10-NOV-18','DD-MON-RR'),'53.jpg','รับงาน');
Insert into "6106021420029".LABLE (LABLE_ID,STAFF_ID,CUS_PHONE,LABLE_HEIGHT,LABLE_WIDTH,CAT_ID,LABLE_NUMBER,DESCRIPTION,TOTAL,ORDER_DAY,PICK_UP_DATE,IMG,STATUS) values ('1811063','20181121','0976308540',2,2,1,1,'งานทำบุญเด็กกำพร้า',1000,to_date('06-NOV-18','DD-MON-RR'),to_date('10-NOV-18','DD-MON-RR'),'23.jpg','รับงาน');
Insert into "6106021420029".LABLE (LABLE_ID,STAFF_ID,CUS_PHONE,LABLE_HEIGHT,LABLE_WIDTH,CAT_ID,LABLE_NUMBER,DESCRIPTION,TOTAL,ORDER_DAY,PICK_UP_DATE,IMG,STATUS) values ('1811062','20181121','0876988360',3,5,3,1,'ขึ้นบ้านใหม่',2250,to_date('06-NOV-18','DD-MON-RR'),to_date('10-NOV-18','DD-MON-RR'),'24.jpg','รับงาน');
Insert into "6106021420029".LABLE (LABLE_ID,STAFF_ID,CUS_PHONE,LABLE_HEIGHT,LABLE_WIDTH,CAT_ID,LABLE_NUMBER,DESCRIPTION,TOTAL,ORDER_DAY,PICK_UP_DATE,IMG,STATUS) values ('1811064','20181121','0846988360',2,2,1,1,'งานบุญกระถิน',600,to_date('06-NOV-18','DD-MON-RR'),to_date('10-NOV-18','DD-MON-RR'),'25.jpg','รับงาน');
Insert into "6106021420029".LABLE (LABLE_ID,STAFF_ID,CUS_PHONE,LABLE_HEIGHT,LABLE_WIDTH,CAT_ID,LABLE_NUMBER,DESCRIPTION,TOTAL,ORDER_DAY,PICK_UP_DATE,IMG,STATUS) values ('1811065','20181121','0983652018',6,6,3,2,'งานแต่ง ขอแนวโรแมนติก',18000,to_date('06-NOV-18','DD-MON-RR'),to_date('10-NOV-18','DD-MON-RR'),'26.jpg','รับงาน');
Insert into "6106021420029".LABLE (LABLE_ID,STAFF_ID,CUS_PHONE,LABLE_HEIGHT,LABLE_WIDTH,CAT_ID,LABLE_NUMBER,DESCRIPTION,TOTAL,ORDER_DAY,PICK_UP_DATE,IMG,STATUS) values ('1811066','20181121','0863336901',4,4,2,2,'งานปลูกป่าชายเล',4800,to_date('06-NOV-18','DD-MON-RR'),to_date('10-NOV-18','DD-MON-RR'),'27.jpg','รับงาน');
Insert into "6106021420029".LABLE (LABLE_ID,STAFF_ID,CUS_PHONE,LABLE_HEIGHT,LABLE_WIDTH,CAT_ID,LABLE_NUMBER,DESCRIPTION,TOTAL,ORDER_DAY,PICK_UP_DATE,IMG,STATUS) values ('1811067','20181121','0963114750',2,2,1,1,'งานกินเจ',600,to_date('06-NOV-18','DD-MON-RR'),to_date('10-NOV-18','DD-MON-RR'),'28.jpg','รับงาน');
Insert into "6106021420029".LABLE (LABLE_ID,STAFF_ID,CUS_PHONE,LABLE_HEIGHT,LABLE_WIDTH,CAT_ID,LABLE_NUMBER,DESCRIPTION,TOTAL,ORDER_DAY,PICK_UP_DATE,IMG,STATUS) values ('1811068','20181121','0849650145',4,4,4,2,'งานเลี้ยงข้าวตำรวจ',4800,to_date('06-NOV-18','DD-MON-RR'),to_date('10-NOV-18','DD-MON-RR'),'29.jpg','รับงาน');
Insert into "6106021420029".LABLE (LABLE_ID,STAFF_ID,CUS_PHONE,LABLE_HEIGHT,LABLE_WIDTH,CAT_ID,LABLE_NUMBER,DESCRIPTION,TOTAL,ORDER_DAY,PICK_UP_DATE,IMG,STATUS) values ('18110615','20181121','0843205006',4,4,1,2,'งานแต่ง ขอดอกไม้เยอะๆ',8000,to_date('06-NOV-18','DD-MON-RR'),to_date('10-NOV-18','DD-MON-RR'),'30.jpg','รับงาน');
Insert into "6106021420029".LABLE (LABLE_ID,STAFF_ID,CUS_PHONE,LABLE_HEIGHT,LABLE_WIDTH,CAT_ID,LABLE_NUMBER,DESCRIPTION,TOTAL,ORDER_DAY,PICK_UP_DATE,IMG,STATUS) values ('1811094','20181123','0876988360',3,5,3,1,'ขึ้นบ้านใหม่',2250,to_date('06-NOV-18','DD-MON-RR'),to_date('10-NOV-18','DD-MON-RR'),'54.jpg','กำลังออกแบบ');
Insert into "6106021420029".LABLE (LABLE_ID,STAFF_ID,CUS_PHONE,LABLE_HEIGHT,LABLE_WIDTH,CAT_ID,LABLE_NUMBER,DESCRIPTION,TOTAL,ORDER_DAY,PICK_UP_DATE,IMG,STATUS) values ('1811095','20181130','0846988360',2,2,1,1,'งานบุญกระถิน',600,to_date('06-NOV-18','DD-MON-RR'),to_date('10-NOV-18','DD-MON-RR'),'55.jpg','รับงาน');
Insert into "6106021420029".LABLE (LABLE_ID,STAFF_ID,CUS_PHONE,LABLE_HEIGHT,LABLE_WIDTH,CAT_ID,LABLE_NUMBER,DESCRIPTION,TOTAL,ORDER_DAY,PICK_UP_DATE,IMG,STATUS) values ('1811096','20181122','0983652018',6,6,3,2,'งานแต่ง ขอแนวโรแมนติก',18000,to_date('06-NOV-18','DD-MON-RR'),to_date('10-NOV-18','DD-MON-RR'),'203.jpg','ปริ้น');
Insert into "6106021420029".LABLE (LABLE_ID,STAFF_ID,CUS_PHONE,LABLE_HEIGHT,LABLE_WIDTH,CAT_ID,LABLE_NUMBER,DESCRIPTION,TOTAL,ORDER_DAY,PICK_UP_DATE,IMG,STATUS) values ('1811097','20181124','0863336901',4,4,2,2,'งานปลูกป่าชายเล',4800,to_date('06-NOV-18','DD-MON-RR'),to_date('10-NOV-18','DD-MON-RR'),'21192378_1422302527865460_8576558930500362978_n.jpg','เสร็จสิ้น');
Insert into "6106021420029".LABLE (LABLE_ID,STAFF_ID,CUS_PHONE,LABLE_HEIGHT,LABLE_WIDTH,CAT_ID,LABLE_NUMBER,DESCRIPTION,TOTAL,ORDER_DAY,PICK_UP_DATE,IMG,STATUS) values ('1811098','20181122','0963114750',2,2,1,1,'งานกินเจ',600,to_date('06-NOV-18','DD-MON-RR'),to_date('10-NOV-18','DD-MON-RR'),'202.jpg','ปริ้น');
Insert into "6106021420029".LABLE (LABLE_ID,STAFF_ID,CUS_PHONE,LABLE_HEIGHT,LABLE_WIDTH,CAT_ID,LABLE_NUMBER,DESCRIPTION,TOTAL,ORDER_DAY,PICK_UP_DATE,IMG,STATUS) values ('1811099','20181124','0849650145',4,4,4,2,'งานเลี้ยงข้าวตำรวจ',4800,to_date('06-NOV-18','DD-MON-RR'),to_date('10-NOV-18','DD-MON-RR'),'201.jpg','กำลังปริ้น');
Insert into "6106021420029".LABLE (LABLE_ID,STAFF_ID,CUS_PHONE,LABLE_HEIGHT,LABLE_WIDTH,CAT_ID,LABLE_NUMBER,DESCRIPTION,TOTAL,ORDER_DAY,PICK_UP_DATE,IMG,STATUS) values ('1811100','20181124','0843205006',4,4,1,2,'งานแต่ง ขอดอกไม้เยอะๆ',8000,to_date('06-NOV-18','DD-MON-RR'),to_date('10-NOV-18','DD-MON-RR'),'38476961_1834779993277353_5987125990478839808_n.jpg','เสร็จสิ้น');
REM INSERTING into "6106021420029".STAFF
SET DEFINE OFF;
Insert into "6106021420029".STAFF (STAFF_ID,USERNAME,PASSWORD,FNAME,LNAME,PHONE,EMAIL,ADDRESS,SALARY,DEP_ID,IMG) values ('20181131','nut1125','nut1125','ณัฐพล','เนรมัติ','0846610283','nutaplon114@gmail.com','บ้านเลขที่ 255  5/255 ต.บ้านบึง อ.บ้านบึง จ.ชลบุรี',15000,'GP','11.jpg');
Insert into "6106021420029".STAFF (STAFF_ID,USERNAME,PASSWORD,FNAME,LNAME,PHONE,EMAIL,ADDRESS,SALARY,DEP_ID,IMG) values ('20181132','niti224','niti224','นิติ','เกล้าการ','0846621039','niti224@gmail.com','บ้านเลขที่ 255  5/255 ต.บ้านบึง อ.บ้านบึง จ.ชลบุรี',15000,'GP','12.jpg');
Insert into "6106021420029".STAFF (STAFF_ID,USERNAME,PASSWORD,FNAME,LNAME,PHONE,EMAIL,ADDRESS,SALARY,DEP_ID,IMG) values ('20181133','pokkeg','pokkeg','ปกเกต','ธรรมสถิต','0879661580','pokkeg123@yahoo.com','บ้านเลขที่ 201  5/255 ต.บ้านบึง อ.บ้านบึง จ.ชลบุรี',15000,'GP','13.jpg');
Insert into "6106021420029".STAFF (STAFF_ID,USERNAME,PASSWORD,FNAME,LNAME,PHONE,EMAIL,ADDRESS,SALARY,DEP_ID,IMG) values ('20181134','piraput','piraput','พิราพัชร','ธรรมสถิต','0873369105','piraput@yahoo.com','บ้านเลขที่ 201  5/255 ต.บ้านบึง อ.บ้านบึง จ.ชลบุรี',12000,'PS','14.jpg');
Insert into "6106021420029".STAFF (STAFF_ID,USERNAME,PASSWORD,FNAME,LNAME,PHONE,EMAIL,ADDRESS,SALARY,DEP_ID,IMG) values ('20181135','siri123','siri123','สิริวัขร','บุญอยู่','0977852140','siri123@gmail.com','บ้านเลขที่ 99  5/255 ต.บ้านบึง อ.บ้านบึง จ.ชลบุรี',12000,'PS','15.jpg');
Insert into "6106021420029".STAFF (STAFF_ID,USERNAME,PASSWORD,FNAME,LNAME,PHONE,EMAIL,ADDRESS,SALARY,DEP_ID,IMG) values ('20181136','thiwpa123','thiwpa123','ทิพาพรรณ','ดวงดี','0963158703','thiwpa123@gmail.com','บ้านเลขที่ 15  5/255 ต.บ้านบึง อ.บ้านบึง จ.ชลบุรี',12000,'PS','16.jpg');
Insert into "6106021420029".STAFF (STAFF_ID,USERNAME,PASSWORD,FNAME,LNAME,PHONE,EMAIL,ADDRESS,SALARY,DEP_ID,IMG) values ('20181137','rung1192','rung1192','รุ่งทิวา','สุขพัฒน์','0953368741','rung1192@thailmail.com','บ้านเลขที่ 25  5/255 ต.บ้านบึง อ.บ้านบึง จ.ชลบุรี',12000,'PS','17.jpg');
Insert into "6106021420029".STAFF (STAFF_ID,USERNAME,PASSWORD,FNAME,LNAME,PHONE,EMAIL,ADDRESS,SALARY,DEP_ID,IMG) values ('20181138','sam1663','sam1663','สมสมร','สัจจารักษ์','0953368740','samee1663@gmail.com','บ้านเลขที่ 721  7/255 ต.บ้านบึง อ.บ้านบึง จ.ชลบุรี',12000,'SV','18.jpg');
Insert into "6106021420029".STAFF (STAFF_ID,USERNAME,PASSWORD,FNAME,LNAME,PHONE,EMAIL,ADDRESS,SALARY,DEP_ID,IMG) values ('20181139','bs21455','bs21455','บดินทร์','กันทะวงศ์','0953368739','boos21455@gmail.com','บ้านเลขที่  98  4/255 ต.บ้านบึง อ.บ้านบึง จ.ชลบุรี',12000,'SV','19.jpg');
Insert into "6106021420029".STAFF (STAFF_ID,USERNAME,PASSWORD,FNAME,LNAME,PHONE,EMAIL,ADDRESS,SALARY,DEP_ID,IMG) values ('20181140','tong1145','tong1145','ศตนันท์','ทองคำ','0953368738','tongcha2241@yahoo.com','บ้านเลขที่ 828  3/2 ต.บ้านบึง อ.บ้านบึง จ.ชลบุรี',12000,'SV','20.jpg');
Insert into "6106021420029".STAFF (STAFF_ID,USERNAME,PASSWORD,FNAME,LNAME,PHONE,EMAIL,ADDRESS,SALARY,DEP_ID,IMG) values ('20181121','su55931','123456789','สุดารัตน์','รัตนมณี','0835499870','sudarus@gmail.com','บ้านเลขที่ 830 ม.2/255 ต.บ้านบึง อ.บ้านบึง จ.ชลบุรี',12000,'SV','1.jpg');
Insert into "6106021420029".STAFF (STAFF_ID,USERNAME,PASSWORD,FNAME,LNAME,PHONE,EMAIL,ADDRESS,SALARY,DEP_ID,IMG) values ('20181122','achi123','123456789','อชิรญาพร','ประเสริฐยิ่ง','0859463218','achil@gmail.com','บ้านเลขที่ 838  ม.2/255 ต.บ้านบึง อ.บ้านบึง จ.ชลบุรี',15000,'GP','2.jpg');
Insert into "6106021420029".STAFF (STAFF_ID,USERNAME,PASSWORD,FNAME,LNAME,PHONE,EMAIL,ADDRESS,SALARY,DEP_ID,IMG) values ('20181123','sama123','sama123','สามารถ','ประเสริฐยิ่ง','0831562194','sama123@gmail.com','บ้านเลขที่ 838  ม.2/255 ต.บ้านบึง อ.บ้านบึง จ.ชลบุรี',15000,'GP','3.jpg');
Insert into "6106021420029".STAFF (STAFF_ID,USERNAME,PASSWORD,FNAME,LNAME,PHONE,EMAIL,ADDRESS,SALARY,DEP_ID,IMG) values ('20181124','sing567','sing567','สิงหา','ยอดนิยม','0874419976','sing567@gmail.com','บ้านเลขที่ 1238  ม.8/255 ต.บ้านบึง อ.บ้านบึง จ.ชลบุรี',12000,'PS','4.jpg');
Insert into "6106021420029".STAFF (STAFF_ID,USERNAME,PASSWORD,FNAME,LNAME,PHONE,EMAIL,ADDRESS,SALARY,DEP_ID,IMG) values ('20181125','akapon123','akapon123','เอกพล','ยอดนิยม','0832215970','akapon123@gmail.com','บ้านเลขที่ 1238  ม.8/255 ต.บ้านบึง อ.บ้านบึง จ.ชลบุรี',12000,'PS','5.jpg');
Insert into "6106021420029".STAFF (STAFF_ID,USERNAME,PASSWORD,FNAME,LNAME,PHONE,EMAIL,ADDRESS,SALARY,DEP_ID,IMG) values ('20181126','manee123','manee123','มณีแสง','รุ่งเรืองฤทัย','0876987780','manee123@gmail.com','บ้านเลขที่ 25  ม.3/2 ต.บ้านบึง อ.บ้านบึง จ.ชลบุรี',12000,'HR','6.jpg');
Insert into "6106021420029".STAFF (STAFF_ID,USERNAME,PASSWORD,FNAME,LNAME,PHONE,EMAIL,ADDRESS,SALARY,DEP_ID,IMG) values ('20181127','kalayanut','kanlayanut','กัลญานัฐ','แสงกระจ่าง','0853154530','kalayanut@gmail.com','บ้านเลขที่ 5  ม.3/2 ต.บ้านบึง อ.บ้านบึง จ.ชลบุรี',20000,'AC','7.jpg');
Insert into "6106021420029".STAFF (STAFF_ID,USERNAME,PASSWORD,FNAME,LNAME,PHONE,EMAIL,ADDRESS,SALARY,DEP_ID,IMG) values ('20181128','kidakarn','admin123','กิดาการ','อินทปัญญา','0831101923','kidakarn@gmail.com','บ้านเลขที่ 830  2/255 ต.บ้านบึง อ.บ้านบึง จ.ชลบุรี',20000,'GP','8.jpg');
Insert into "6106021420029".STAFF (STAFF_ID,USERNAME,PASSWORD,FNAME,LNAME,PHONE,EMAIL,ADDRESS,SALARY,DEP_ID,IMG) values ('20181129','patom11','patom11','ปฐมพร','รุ่งเรืองฤทัย','0860123490','patom123@gmail.com','บ้านเลขที่ 25  3/2 ต.บ้านบึง อ.บ้านบึง จ.ชลบุรี',20000,'PS','9.jpg');
Insert into "6106021420029".STAFF (STAFF_ID,USERNAME,PASSWORD,FNAME,LNAME,PHONE,EMAIL,ADDRESS,SALARY,DEP_ID,IMG) values ('20181130','company123','company123','ศกร','มีชัย','0892158730','company123@gmail.com','บ้านเลขที่ 158  5/255 ต.บ้านบึง อ.บ้านบึง จ.ชลบุรี',50000,'MG','10.jpg');
--------------------------------------------------------
--  Constraints for Table CATEGORY
--------------------------------------------------------

  ALTER TABLE "6106021420029"."CATEGORY" ADD PRIMARY KEY ("CAT_ID")
  USING INDEX PCTFREE 10 INITRANS 2 MAXTRANS 255 COMPUTE STATISTICS 
  STORAGE(INITIAL 65536 NEXT 1048576 MINEXTENTS 1 MAXEXTENTS 2147483645
  PCTINCREASE 0 FREELISTS 1 FREELIST GROUPS 1
  BUFFER_POOL DEFAULT FLASH_CACHE DEFAULT CELL_FLASH_CACHE DEFAULT)
  TABLESPACE "INTRODB"  ENABLE;
--------------------------------------------------------
--  Constraints for Table STAFF
--------------------------------------------------------

  ALTER TABLE "6106021420029"."STAFF" ADD PRIMARY KEY ("STAFF_ID")
  USING INDEX PCTFREE 10 INITRANS 2 MAXTRANS 255 COMPUTE STATISTICS 
  STORAGE(INITIAL 65536 NEXT 1048576 MINEXTENTS 1 MAXEXTENTS 2147483645
  PCTINCREASE 0 FREELISTS 1 FREELIST GROUPS 1
  BUFFER_POOL DEFAULT FLASH_CACHE DEFAULT CELL_FLASH_CACHE DEFAULT)
  TABLESPACE "INTRODB"  ENABLE;
--------------------------------------------------------
--  Constraints for Table DEPARTMENTS
--------------------------------------------------------

  ALTER TABLE "6106021420029"."DEPARTMENTS" ADD PRIMARY KEY ("DEP_ID")
  USING INDEX PCTFREE 10 INITRANS 2 MAXTRANS 255 COMPUTE STATISTICS 
  STORAGE(INITIAL 65536 NEXT 1048576 MINEXTENTS 1 MAXEXTENTS 2147483645
  PCTINCREASE 0 FREELISTS 1 FREELIST GROUPS 1
  BUFFER_POOL DEFAULT FLASH_CACHE DEFAULT CELL_FLASH_CACHE DEFAULT)
  TABLESPACE "INTRODB"  ENABLE;
--------------------------------------------------------
--  Constraints for Table CUSTOMER
--------------------------------------------------------

  ALTER TABLE "6106021420029"."CUSTOMER" ADD PRIMARY KEY ("CUS_PHONE")
  USING INDEX PCTFREE 10 INITRANS 2 MAXTRANS 255 COMPUTE STATISTICS 
  STORAGE(INITIAL 65536 NEXT 1048576 MINEXTENTS 1 MAXEXTENTS 2147483645
  PCTINCREASE 0 FREELISTS 1 FREELIST GROUPS 1
  BUFFER_POOL DEFAULT FLASH_CACHE DEFAULT CELL_FLASH_CACHE DEFAULT)
  TABLESPACE "INTRODB"  ENABLE;
  ALTER TABLE "6106021420029"."CUSTOMER" MODIFY ("CUS_LNAME" NOT NULL ENABLE);
--------------------------------------------------------
--  Constraints for Table LABLE
--------------------------------------------------------

  ALTER TABLE "6106021420029"."LABLE" ADD PRIMARY KEY ("LABLE_ID")
  USING INDEX PCTFREE 10 INITRANS 2 MAXTRANS 255 COMPUTE STATISTICS 
  STORAGE(INITIAL 65536 NEXT 1048576 MINEXTENTS 1 MAXEXTENTS 2147483645
  PCTINCREASE 0 FREELISTS 1 FREELIST GROUPS 1
  BUFFER_POOL DEFAULT FLASH_CACHE DEFAULT CELL_FLASH_CACHE DEFAULT)
  TABLESPACE "INTRODB"  ENABLE;
--------------------------------------------------------
--  Ref Constraints for Table LABLE
--------------------------------------------------------

  ALTER TABLE "6106021420029"."LABLE" ADD FOREIGN KEY ("STAFF_ID")
	  REFERENCES "6106021420029"."STAFF" ("STAFF_ID") ENABLE;
  ALTER TABLE "6106021420029"."LABLE" ADD FOREIGN KEY ("CUS_PHONE")
	  REFERENCES "6106021420029"."CUSTOMER" ("CUS_PHONE") ENABLE;
  ALTER TABLE "6106021420029"."LABLE" ADD FOREIGN KEY ("CAT_ID")
	  REFERENCES "6106021420029"."CATEGORY" ("CAT_ID") ENABLE;
--------------------------------------------------------
--  Ref Constraints for Table STAFF
--------------------------------------------------------

  ALTER TABLE "6106021420029"."STAFF" ADD FOREIGN KEY ("DEP_ID")
	  REFERENCES "6106021420029"."DEPARTMENTS" ("DEP_ID") ENABLE;
