<?xml version="1.0" encoding="UTF-8"?>
<project-private xmlns="http://www.netbeans.org/ns/project-private/1">
    <editor-bookmarks xmlns="http://www.netbeans.org/ns/editor-bookmarks/2" lastBookmarkId="0"/>
    <open-files xmlns="http://www.netbeans.org/ns/projectui-open-files/2">
        <group>
            <file>file:/C:/xampp/htdocs/project_php/index.php</file>
            <file>file:/C:/xampp/htdocs/project_php/income/f_in.php</file>
            <file>file:/C:/xampp/htdocs/project_php/from_login.php</file>
            <file>file:/C:/xampp/htdocs/project_php/select_lable.php</file>
            <file>file:/C:/xampp/htdocs/project_php/report_lable.php</file>
            <file>file:/C:/xampp/htdocs/project_php/income/income.php</file>
            <file>file:/C:/xampp/htdocs/project_php/staff/staff_in.php</file>
            <file>file:/C:/xampp/htdocs/project_php/menu.php</file>
            <file>file:/C:/xampp/htdocs/project_php/income/income_updates.php</file>
            <file>file:/C:/xampp/htdocs/project_php/print.php</file>
            <file>file:/C:/xampp/htdocs/project_php/lable.php</file>
            <file>file:/C:/xampp/htdocs/project_php/select_work_staff.php</file>
            <file>file:/C:/xampp/htdocs/project_php/report_design.php</file>
            <file>file:/C:/xampp/htdocs/project_php/footer.php</file>
            <file>file:/C:/xampp/htdocs/project_php/checks/check_in.php</file>
        </group>
    </open-files>
</project-private>
